game_pk,BAT_TEAM,N,HR,venue_name,venue_id
630099,ARI,30,0,Chase Field,15
630099,COL,23,2,Chase Field,15
630100,ARI,22,0,Chase Field,15
630100,LAD,30,4,Chase Field,15
630101,ARI,19,0,Chase Field,15
630101,LAD,27,2,Chase Field,15
630109,ARI,30,0,Chase Field,15
630109,HOU,31,2,Chase Field,15
630110,ARI,37,4,Chase Field,15
630110,HOU,24,4,Chase Field,15
630111,ARI,30,0,Chase Field,15
630111,HOU,25,2,Chase Field,15
630115,ARI,22,1,Chase Field,15
630115,SD,25,0,Chase Field,15
630116,ARI,29,0,Chase Field,15
630116,SD,27,2,Chase Field,15
630117,ARI,27,2,Chase Field,15
630117,SD,22,1,Chase Field,15
630118,ARI,30,1,Chase Field,15
630118,OAK,25,1,Chase Field,15
630145,ARI,28,1,Chase Field,15
630145,LAD,26,3,Chase Field,15
630174,ARI,26,2,Chase Field,15
630174,OAK,17,0,Chase Field,15
630193,ARI,26,2,Chase Field,15
630193,COL,26,1,Chase Field,15
630194,ARI,26,2,Chase Field,15
630194,COL,26,1,Chase Field,15
630201,ARI,27,0,Chase Field,15
630201,LAD,21,2,Chase Field,15
630202,ARI,32,1,Chase Field,15
630202,COL,24,0,Chase Field,15
630203,ARI,27,2,Chase Field,15
630203,COL,21,1,Chase Field,15
630216,ARI,25,0,Chase Field,15
630216,SF,28,2,Chase Field,15
630217,ARI,22,1,Chase Field,15
630217,SF,26,1,Chase Field,15
630219,ARI,22,1,Chase Field,15
630219,SF,20,1,Chase Field,15
630220,ARI,33,3,Chase Field,15
630220,LAD,32,2,Chase Field,15
630221,ARI,27,0,Chase Field,15
630221,LAD,29,2,Chase Field,15
630223,ARI,31,1,Chase Field,15
630223,LAD,27,2,Chase Field,15
630224,ARI,25,0,Chase Field,15
630224,SEA,25,2,Chase Field,15
630225,ARI,26,0,Chase Field,15
630225,SEA,25,2,Chase Field,15
630226,ARI,18,0,Chase Field,15
630226,SEA,27,0,Chase Field,15
630243,ARI,31,1,Chase Field,15
630243,TEX,24,0,Chase Field,15
630263,ARI,29,3,Chase Field,15
630263,TEX,25,0,Chase Field,15
630270,ARI,22,1,Chase Field,15
630270,COL,14,0,Chase Field,15
630271,ARI,26,0,Chase Field,15
630271,COL,30,2,Chase Field,15
630272,ATL,26,1,Truist Park,4705
630272,TB,24,0,Truist Park,4705
630273,ATL,24,0,Truist Park,4705
630273,PHI,27,3,Truist Park,4705
630275,ATL,25,0,Truist Park,4705
630275,NYM,29,3,Truist Park,4705
630278,ATL,23,2,Truist Park,4705
630278,NYM,21,0,Truist Park,4705
630280,ATL,21,1,Truist Park,4705
630280,NYM,23,0,Truist Park,4705
630281,ATL,18,1,Truist Park,4705
630281,NYM,28,1,Truist Park,4705
630284,ATL,32,3,Truist Park,4705
630284,TOR,24,0,Truist Park,4705
630307,ATL,16,1,Truist Park,4705
630307,TOR,23,0,Truist Park,4705
630313,ATL,21,2,Truist Park,4705
630313,TOR,22,1,Truist Park,4705
630316,ATL,32,2,Truist Park,4705
630316,WSH,22,4,Truist Park,4705
630322,ATL,30,1,Truist Park,4705
630322,WSH,38,0,Truist Park,4705
630323,ATL,19,4,Truist Park,4705
630323,WSH,25,1,Truist Park,4705
630324,ATL,29,3,Truist Park,4705
630324,PHI,24,0,Truist Park,4705
630338,ATL,27,1,Truist Park,4705
630338,PHI,25,2,Truist Park,4705
630346,ATL,18,0,Truist Park,4705
630346,TB,21,0,Truist Park,4705
630360,ATL,16,1,Truist Park,4705
630360,NYY,20,0,Truist Park,4705
630361,ATL,13,3,Truist Park,4705
630361,NYY,17,1,Truist Park,4705
630371,ATL,23,3,Truist Park,4705
630371,WSH,23,0,Truist Park,4705
630383,ATL,26,3,Truist Park,4705
630383,WSH,31,0,Truist Park,4705
630385,ATL,33,5,Truist Park,4705
630385,MIA,24,1,Truist Park,4705
630415,ATL,31,1,Truist Park,4705
630415,MIA,33,0,Truist Park,4705
630438,ATL,21,0,Truist Park,4705
630438,MIA,30,3,Truist Park,4705
630439,ATL,39,7,Truist Park,4705
630439,MIA,32,2,Truist Park,4705
630440,ATL,20,0,Truist Park,4705
630440,MIA,26,0,Truist Park,4705
630491,ATL,28,2,Truist Park,4705
630491,WSH,27,0,Truist Park,4705
630492,BAL,29,1,Oriole Park at Camden Yards,2
630492,TB,30,1,Oriole Park at Camden Yards,2
630493,BAL,27,2,Oriole Park at Camden Yards,2
630493,TB,23,1,Oriole Park at Camden Yards,2
630495,BAL,22,1,Oriole Park at Camden Yards,2
630495,NYY,22,3,Oriole Park at Camden Yards,2
630496,BAL,24,3,Oriole Park at Camden Yards,2
630496,NYY,24,2,Oriole Park at Camden Yards,2
630497,BAL,19,1,Oriole Park at Camden Yards,2
630497,NYY,21,0,Oriole Park at Camden Yards,2
630554,ATL,28,1,Truist Park,4705
630554,MIA,23,2,Truist Park,4705
630568,BAL,32,1,Oriole Park at Camden Yards,2
630568,WSH,25,2,Oriole Park at Camden Yards,2
630569,ATL,31,2,Truist Park,4705
630569,BOS,33,1,Truist Park,4705
630570,ATL,19,1,Truist Park,4705
630570,BOS,24,2,Truist Park,4705
630573,ATL,25,1,Truist Park,4705
630573,BOS,31,4,Truist Park,4705
630575,BAL,19,0,Oriole Park at Camden Yards,2
630575,MIA,27,2,Oriole Park at Camden Yards,2
630591,BAL,16,0,Oriole Park at Camden Yards,2
630591,MIA,14,1,Oriole Park at Camden Yards,2
630592,BAL,28,3,Oriole Park at Camden Yards,2
630592,TB,21,1,Oriole Park at Camden Yards,2
630851,NYY,11,1,Nationals Park,3309
630851,WSH,11,1,Nationals Park,3309
630852,BAL,28,2,Sahlen Field,2756
630852,TOR,27,0,Sahlen Field,2756
630853,PHI,31,1,Nationals Park,3309
630853,WSH,23,1,Nationals Park,3309
630854,NYM,28,3,Nationals Park,3309
630854,WSH,25,2,Nationals Park,3309
630855,PHI,34,1,Nationals Park,3309
630855,WSH,29,2,Nationals Park,3309
630856,NYY,20,2,Nationals Park,3309
630856,WSH,23,1,Nationals Park,3309
630857,TB,24,1,Nationals Park,3309
630857,WSH,28,0,Nationals Park,3309
630858,BAL,31,0,Sahlen Field,2756
630858,TOR,26,2,Sahlen Field,2756
630859,NYY,31,3,Sahlen Field,2756
630859,TOR,32,1,Sahlen Field,2756
630860,NYY,22,0,Sahlen Field,2756
630860,TOR,14,1,Sahlen Field,2756
630861,TOR,25,4,Nationals Park,3309
630861,WSH,27,0,Nationals Park,3309
630862,BOS,33,0,Sahlen Field,2756
630862,TOR,28,1,Sahlen Field,2756
630863,BOS,22,1,Sahlen Field,2756
630863,TOR,28,3,Sahlen Field,2756
630864,NYY,29,2,Sahlen Field,2756
630864,TOR,23,1,Sahlen Field,2756
630865,BOS,19,0,Fenway Park,3
630865,TOR,18,1,Fenway Park,3
630866,TOR,30,2,Nationals Park,3309
630866,WSH,19,0,Nationals Park,3309
630867,TB,21,0,Nationals Park,3309
630867,WSH,26,0,Nationals Park,3309
630868,NYM,37,3,Sahlen Field,2756
630868,TOR,21,0,Sahlen Field,2756
630869,ATL,27,4,Nationals Park,3309
630869,WSH,30,1,Nationals Park,3309
630870,NYM,24,0,Sahlen Field,2756
630870,TOR,24,0,Sahlen Field,2756
630871,BAL,25,1,Sahlen Field,2756
630871,TOR,25,3,Sahlen Field,2756
630872,TB,22,2,Sahlen Field,2756
630872,TOR,22,3,Sahlen Field,2756
630873,ATL,40,1,Nationals Park,3309
630873,WSH,36,2,Nationals Park,3309
630874,NYM,23,1,Nationals Park,3309
630874,WSH,27,2,Nationals Park,3309
630875,NYM,28,0,Sahlen Field,2756
630875,TOR,25,1,Sahlen Field,2756
630876,NYY,31,0,Sahlen Field,2756
630876,TOR,24,2,Sahlen Field,2756
630877,ATL,24,0,Nationals Park,3309
630877,WSH,20,0,Nationals Park,3309
630878,NYM,27,0,Nationals Park,3309
630878,WSH,25,0,Nationals Park,3309
630879,BAL,38,1,Nationals Park,3309
630879,WSH,27,0,Nationals Park,3309
630880,BAL,23,3,Nationals Park,3309
630880,WSH,22,1,Nationals Park,3309
630881,NYY,30,0,Sahlen Field,2756
630881,TOR,20,1,Sahlen Field,2756
630882,BAL,26,0,Oriole Park at Camden Yards,2
630882,WSH,21,1,Oriole Park at Camden Yards,2
630883,ATL,23,2,Nationals Park,3309
630883,WSH,25,1,Nationals Park,3309
630884,PHI,16,0,Nationals Park,3309
630884,WSH,21,0,Nationals Park,3309
630885,NYY,22,0,Sahlen Field,2756
630885,TOR,34,2,Sahlen Field,2756
630886,MIA,21,1,Nationals Park,3309
630886,WSH,19,2,Nationals Park,3309
630887,NYY,27,0,Sahlen Field,2756
630887,TOR,22,1,Sahlen Field,2756
630888,PHI,18,1,Nationals Park,3309
630888,WSH,19,0,Nationals Park,3309
630889,BAL,28,3,Sahlen Field,2756
630889,TOR,34,2,Sahlen Field,2756
630890,MIA,20,1,Nationals Park,3309
630890,WSH,16,0,Nationals Park,3309
630891,BAL,29,0,Sahlen Field,2756
630891,TOR,18,2,Sahlen Field,2756
630892,PHI,36,5,Nationals Park,3309
630892,WSH,23,1,Nationals Park,3309
630893,NYM,34,1,Nationals Park,3309
630893,WSH,26,0,Nationals Park,3309
630894,NYM,20,1,Nationals Park,3309
630894,WSH,24,1,Nationals Park,3309
630895,NYM,20,2,Nationals Park,3309
630895,WSH,12,2,Nationals Park,3309
630896,PHI,25,1,Nationals Park,3309
630896,WSH,23,2,Nationals Park,3309
630897,MIA,26,1,Nationals Park,3309
630897,WSH,29,0,Nationals Park,3309
630898,MIA,34,1,Nationals Park,3309
630898,WSH,33,1,Nationals Park,3309
630899,NYY,29,1,Nationals Park,3309
630899,WSH,31,3,Nationals Park,3309
630900,BAL,28,0,Sahlen Field,2756
630900,TOR,26,0,Sahlen Field,2756
630901,MIA,25,2,Sahlen Field,2756
630901,TOR,27,1,Sahlen Field,2756
630902,MIA,31,1,Sahlen Field,2756
630902,TOR,34,7,Sahlen Field,2756
630903,TB,21,1,Sahlen Field,2756
630903,TOR,30,6,Sahlen Field,2756
630904,LAA,22,1,Globe Life Field,5325
630904,TEX,26,1,Globe Life Field,5325
630905,TB,25,2,Sahlen Field,2756
630905,TOR,29,0,Sahlen Field,2756
630906,BAL,25,0,Sahlen Field,2756
630906,TOR,25,0,Sahlen Field,2756
630907,PHI,21,1,Citizens Bank Park,2681
630907,TOR,14,0,Citizens Bank Park,2681
630908,LAA,29,2,Globe Life Field,5325
630908,TEX,16,0,Globe Life Field,5325
630909,OAK,34,3,Globe Life Field,5325
630909,TEX,22,2,Globe Life Field,5325
630910,OAK,17,0,Globe Life Field,5325
630910,TEX,17,2,Globe Life Field,5325
630911,OAK,20,1,Globe Life Field,5325
630911,TEX,19,3,Globe Life Field,5325
630912,HOU,33,4,Globe Life Field,5325
630912,TEX,26,1,Globe Life Field,5325
630913,HOU,29,1,Globe Life Field,5325
630913,TEX,31,3,Globe Life Field,5325
630914,HOU,26,0,Globe Life Field,5325
630914,TEX,19,2,Globe Life Field,5325
630915,HOU,28,3,Globe Life Field,5325
630915,TEX,22,2,Globe Life Field,5325
630916,TOR,16,0,Nationals Park,3309
630916,WSH,24,0,Nationals Park,3309
630917,TOR,31,3,Nationals Park,3309
630917,WSH,31,1,Nationals Park,3309
630918,PHI,21,0,Sahlen Field,2756
630918,TOR,20,3,Sahlen Field,2756
630919,PHI,15,1,Sahlen Field,2756
630919,TOR,24,0,Sahlen Field,2756
630920,LAA,22,1,Globe Life Field,5325
630920,TEX,20,0,Globe Life Field,5325
630921,LAD,23,3,Globe Life Field,5325
630921,TEX,25,0,Globe Life Field,5325
630922,LAA,19,1,Globe Life Field,5325
630922,TEX,24,0,Globe Life Field,5325
630923,SEA,36,3,Globe Life Field,5325
630923,TEX,30,0,Globe Life Field,5325
630924,SEA,22,0,Globe Life Field,5325
630924,TEX,24,0,Globe Life Field,5325
630925,LAA,27,1,Globe Life Field,5325
630925,TEX,23,0,Globe Life Field,5325
630926,SEA,29,2,Globe Life Field,5325
630926,TEX,28,0,Globe Life Field,5325
630927,SD,33,3,Globe Life Field,5325
630927,TEX,23,0,Globe Life Field,5325
630928,SD,27,2,Globe Life Field,5325
630928,TEX,21,1,Globe Life Field,5325
630929,OAK,22,1,Globe Life Field,5325
630929,TEX,22,1,Globe Life Field,5325
630930,OAK,24,2,Globe Life Field,5325
630930,TEX,26,0,Globe Life Field,5325
630931,OAK,22,0,Globe Life Field,5325
630931,TEX,18,0,Globe Life Field,5325
630932,OAK,24,1,Globe Life Field,5325
630932,TEX,18,1,Globe Life Field,5325
630933,LAD,23,0,Globe Life Field,5325
630933,TEX,28,1,Globe Life Field,5325
630934,LAD,24,2,Globe Life Field,5325
630934,TEX,27,2,Globe Life Field,5325
630935,LAA,21,0,Globe Life Field,5325
630935,TEX,24,1,Globe Life Field,5325
630936,TB,27,1,Tropicana Field,12
630936,WSH,25,0,Tropicana Field,12
630937,TB,21,1,Tropicana Field,12
630937,WSH,26,2,Tropicana Field,12
630938,PHI,20,0,Tropicana Field,12
630938,TB,21,1,Tropicana Field,12
630939,PHI,29,1,Tropicana Field,12
630939,TB,18,0,Tropicana Field,12
630940,ARI,21,0,Globe Life Field,5325
630940,TEX,26,2,Globe Life Field,5325
630941,COL,16,0,Globe Life Field,5325
630941,TEX,22,0,Globe Life Field,5325
630942,COL,26,0,Globe Life Field,5325
630942,TEX,26,0,Globe Life Field,5325
630943,COL,24,2,Globe Life Field,5325
630943,TEX,22,1,Globe Life Field,5325
630944,ARI,27,0,Globe Life Field,5325
630944,TEX,19,1,Globe Life Field,5325
630945,PHI,27,0,Tropicana Field,12
630945,TB,22,0,Tropicana Field,12
630946,NYY,25,0,Tropicana Field,12
630946,TB,21,2,Tropicana Field,12
630947,BOS,31,2,Tropicana Field,12
630947,TB,25,1,Tropicana Field,12
630948,TB,22,0,Tropicana Field,12
630948,TOR,25,0,Tropicana Field,12
630949,TB,26,0,Tropicana Field,12
630949,TOR,28,2,Tropicana Field,12
630950,TB,26,2,Tropicana Field,12
630950,TOR,24,2,Tropicana Field,12
630951,BAL,19,1,Tropicana Field,12
630951,TB,24,2,Tropicana Field,12
630952,BAL,26,0,Tropicana Field,12
630952,TB,20,2,Tropicana Field,12
630953,BAL,22,2,Oriole Park at Camden Yards,2
630953,TB,20,3,Oriole Park at Camden Yards,2
630954,MIA,27,2,Tropicana Field,12
630954,TB,17,1,Tropicana Field,12
630955,MIA,25,1,Tropicana Field,12
630955,TB,22,0,Tropicana Field,12
630956,MIA,24,1,Tropicana Field,12
630956,TB,20,3,Tropicana Field,12
630957,BOS,21,2,Tropicana Field,12
630957,TB,15,2,Tropicana Field,12
630958,BOS,29,0,Tropicana Field,12
630958,TB,27,3,Tropicana Field,12
630959,BOS,24,2,Tropicana Field,12
630959,TB,17,2,Tropicana Field,12
630960,TB,28,2,Tropicana Field,12
630960,TOR,28,2,Tropicana Field,12
630961,CIN,26,3,Busch Stadium,2889
630961,STL,26,0,Busch Stadium,2889
630962,NYY,23,3,Tropicana Field,12
630962,TB,13,1,Tropicana Field,12
630963,MIL,18,1,Busch Stadium,2889
630963,STL,16,0,Busch Stadium,2889
630964,MIL,26,2,Busch Stadium,2889
630964,STL,18,0,Busch Stadium,2889
630965,MIL,21,0,Busch Stadium,2889
630965,STL,22,1,Busch Stadium,2889
630966,TB,24,1,Tropicana Field,12
630966,TOR,25,1,Tropicana Field,12
630967,TB,22,0,Tropicana Field,12
630967,TOR,30,1,Tropicana Field,12
630968,TB,27,1,Tropicana Field,12
630968,TOR,31,0,Tropicana Field,12
630969,ATL,15,2,Tropicana Field,12
630969,TB,23,5,Tropicana Field,12
630970,ATL,20,0,Tropicana Field,12
630970,TB,22,0,Tropicana Field,12
630971,BOS,26,1,Tropicana Field,12
630971,TB,22,0,Tropicana Field,12
630972,BOS,25,2,Tropicana Field,12
630972,TB,18,0,Tropicana Field,12
630973,NYY,22,0,Tropicana Field,12
630973,TB,17,0,Tropicana Field,12
630974,NYY,19,0,Tropicana Field,12
630974,TB,18,0,Tropicana Field,12
630975,MIL,25,0,Busch Stadium,2889
630975,STL,23,1,Busch Stadium,2889
630976,CIN,25,1,Busch Stadium,2889
630976,STL,28,2,Busch Stadium,2889
630977,KC,29,1,Busch Stadium,2889
630977,STL,29,1,Busch Stadium,2889
630978,KC,27,1,Busch Stadium,2889
630978,STL,24,0,Busch Stadium,2889
630979,KC,27,2,Busch Stadium,2889
630979,STL,21,0,Busch Stadium,2889
630980,CLE,40,3,Busch Stadium,2889
630980,STL,26,1,Busch Stadium,2889
630981,CLE,26,1,Busch Stadium,2889
630981,STL,26,0,Busch Stadium,2889
630982,CLE,21,1,Busch Stadium,2889
630982,STL,28,1,Busch Stadium,2889
630983,MIN,27,3,Busch Stadium,2889
630983,STL,14,1,Busch Stadium,2889
630984,MIN,21,2,Busch Stadium,2889
630984,STL,18,0,Busch Stadium,2889
630985,CIN,25,1,Busch Stadium,2889
630985,STL,22,0,Busch Stadium,2889
630986,CIN,30,1,Busch Stadium,2889
630986,STL,20,0,Busch Stadium,2889
630987,PIT,12,1,PNC Park,31
630987,STL,17,1,PNC Park,31
630988,CIN,21,0,Busch Stadium,2889
630988,STL,24,4,Busch Stadium,2889
630989,PIT,29,0,Busch Stadium,2889
630989,STL,22,3,Busch Stadium,2889
630990,CIN,21,1,Busch Stadium,2889
630990,STL,23,0,Busch Stadium,2889
630991,CIN,26,0,Busch Stadium,2889
630991,STL,22,1,Busch Stadium,2889
630992,PIT,23,0,Busch Stadium,2889
630992,STL,28,1,Busch Stadium,2889
630993,PIT,26,2,Busch Stadium,2889
630993,STL,19,0,Busch Stadium,2889
630994,DET,18,1,Busch Stadium,2889
630994,STL,24,5,Busch Stadium,2889
630995,DET,21,2,Busch Stadium,2889
630995,STL,21,1,Busch Stadium,2889
630996,CHC,13,1,Wrigley Field,17
630996,STL,19,3,Wrigley Field,17
630997,CHC,17,0,Wrigley Field,17
630997,STL,15,0,Wrigley Field,17
630998,CHC,15,0,Wrigley Field,17
630998,STL,19,2,Wrigley Field,17
630999,PIT,28,0,Busch Stadium,2889
630999,STL,25,1,Busch Stadium,2889
631000,PIT,24,0,Busch Stadium,2889
631000,STL,21,0,Busch Stadium,2889
631001,LAD,15,1,Oracle Park,2395
631001,SF,15,0,Oracle Park,2395
631002,SD,23,1,Oracle Park,2395
631002,SF,20,3,Oracle Park,2395
631003,ARI,35,1,Oracle Park,2395
631003,SF,29,1,Oracle Park,2395
631004,ARI,24,1,Oracle Park,2395
631004,SF,25,2,Oracle Park,2395
631005,ARI,21,1,Oracle Park,2395
631005,SF,29,3,Oracle Park,2395
631006,ARI,19,1,Oracle Park,2395
631006,SF,19,0,Oracle Park,2395
631007,SEA,26,0,Oracle Park,2395
631007,SF,29,3,Oracle Park,2395
631008,SEA,24,0,Oracle Park,2395
631008,SF,28,1,Oracle Park,2395
631009,COL,25,1,Oracle Park,2395
631009,SF,29,1,Oracle Park,2395
631010,COL,24,0,Oracle Park,2395
631010,SF,28,2,Oracle Park,2395
631011,COL,32,0,Oracle Park,2395
631011,SF,29,2,Oracle Park,2395
631012,COL,29,0,Oracle Park,2395
631012,SF,33,1,Oracle Park,2395
631013,SD,23,0,Oracle Park,2395
631013,SF,19,3,Oracle Park,2395
631014,SD,27,2,Oracle Park,2395
631014,SF,21,0,Oracle Park,2395
631015,LAD,32,2,Oracle Park,2395
631015,SF,33,3,Oracle Park,2395
631016,SD,28,3,Oracle Park,2395
631016,SF,21,0,Oracle Park,2395
631017,LAD,23,1,Oracle Park,2395
631017,SF,20,0,Oracle Park,2395
631018,SD,30,1,Oracle Park,2395
631018,SF,29,0,Oracle Park,2395
631019,SF,26,1,Oracle Park,2395
631019,TEX,23,1,Oracle Park,2395
631020,SF,25,0,Oracle Park,2395
631020,TEX,19,1,Oracle Park,2395
631021,SF,28,2,Oracle Park,2395
631021,TEX,33,2,Oracle Park,2395
631022,OAK,31,2,Oracle Park,2395
631022,SF,32,3,Oracle Park,2395
631023,OAK,23,4,Oracle Park,2395
631023,SF,23,1,Oracle Park,2395
631024,OAK,33,3,Oracle Park,2395
631024,SF,29,2,Oracle Park,2395
631025,LAA,20,0,Oracle Park,2395
631025,SF,27,2,Oracle Park,2395
631026,LAA,25,1,Oracle Park,2395
631026,SF,32,2,Oracle Park,2395
631027,ARI,23,0,Oracle Park,2395
631027,SF,21,2,Oracle Park,2395
631028,ARI,27,0,Oracle Park,2395
631028,SF,21,0,Oracle Park,2395
631029,ARI,22,0,Oracle Park,2395
631029,SF,25,2,Oracle Park,2395
631030,SEA,22,2,T-Mobile Park,680
631030,TEX,23,3,T-Mobile Park,680
631031,SEA,21,2,T-Mobile Park,680
631031,TEX,24,0,T-Mobile Park,680
631032,SEA,14,0,Oracle Park,2395
631032,SF,33,3,Oracle Park,2395
631033,SD,26,2,Oracle Park,2395
631033,SF,28,4,Oracle Park,2395
631034,SEA,22,0,Oracle Park,2395
631034,SF,29,1,Oracle Park,2395
631035,HOU,26,0,T-Mobile Park,680
631035,SEA,24,0,T-Mobile Park,680
631036,SD,26,0,Petco Park,2680
631036,SEA,20,1,Petco Park,2680
631037,SD,30,1,Petco Park,2680
631037,SEA,19,1,Petco Park,2680
631038,HOU,28,0,T-Mobile Park,680
631038,SEA,22,1,T-Mobile Park,680
631039,HOU,31,2,T-Mobile Park,680
631039,SEA,21,0,T-Mobile Park,680
631040,SD,26,2,Petco Park,2680
631040,SEA,22,1,Petco Park,2680
631041,SEA,24,1,T-Mobile Park,680
631041,TEX,22,1,T-Mobile Park,680
631042,LAA,27,2,T-Mobile Park,680
631042,SEA,21,1,T-Mobile Park,680
631043,LAA,22,4,T-Mobile Park,680
631043,SEA,30,1,T-Mobile Park,680
631044,SEA,28,0,T-Mobile Park,680
631044,TEX,26,2,T-Mobile Park,680
631045,COL,28,3,T-Mobile Park,680
631045,SEA,27,1,T-Mobile Park,680
631046,COL,29,0,T-Mobile Park,680
631046,SEA,21,0,T-Mobile Park,680
631047,COL,21,0,T-Mobile Park,680
631047,SEA,24,1,T-Mobile Park,680
631048,LAD,24,3,T-Mobile Park,680
631048,SEA,24,2,T-Mobile Park,680
631049,LAD,27,1,T-Mobile Park,680
631049,SEA,18,1,T-Mobile Park,680
631050,SEA,25,1,T-Mobile Park,680
631050,TEX,21,1,T-Mobile Park,680
631051,SEA,29,1,T-Mobile Park,680
631051,TEX,28,0,T-Mobile Park,680
631052,SEA,22,3,T-Mobile Park,680
631052,TEX,23,1,T-Mobile Park,680
631053,OAK,20,2,T-Mobile Park,680
631053,SEA,19,3,T-Mobile Park,680
631054,OAK,30,2,T-Mobile Park,680
631054,SEA,13,0,T-Mobile Park,680
631055,OAK,25,2,Oakland Coliseum,10
631055,SEA,25,3,Oakland Coliseum,10
631056,COL,23,2,Petco Park,2680
631056,SD,26,1,Petco Park,2680
631057,LAA,25,3,T-Mobile Park,680
631057,SEA,25,1,T-Mobile Park,680
631058,SD,15,1,Petco Park,2680
631058,SF,18,0,Petco Park,2680
631059,SD,20,2,Oracle Park,2395
631059,SF,16,1,Oracle Park,2395
631060,SD,22,0,Petco Park,2680
631060,SF,15,0,Petco Park,2680
631061,LAD,16,0,Petco Park,2680
631061,SD,25,2,Petco Park,2680
631062,LAD,25,1,Petco Park,2680
631062,SD,27,0,Petco Park,2680
631063,LAD,26,2,Petco Park,2680
631063,SD,24,2,Petco Park,2680
631064,LAA,29,2,Petco Park,2680
631064,SD,16,0,Petco Park,2680
631065,LAA,24,3,Petco Park,2680
631065,SD,25,1,Petco Park,2680
631066,OAK,22,0,T-Mobile Park,680
631066,SEA,25,0,T-Mobile Park,680
631067,OAK,19,1,T-Mobile Park,680
631067,SEA,25,0,T-Mobile Park,680
631068,OAK,20,1,T-Mobile Park,680
631068,SEA,20,1,T-Mobile Park,680
631069,LAD,29,1,Petco Park,2680
631069,SD,18,1,Petco Park,2680
631070,OAK,28,1,T-Mobile Park,680
631070,SEA,20,0,T-Mobile Park,680
631071,COL,22,1,Petco Park,2680
631071,SD,31,3,Petco Park,2680
631072,SD,21,2,Petco Park,2680
631072,SF,18,1,Petco Park,2680
631073,ARI,20,0,Petco Park,2680
631073,SD,21,3,Petco Park,2680
631074,ARI,23,2,Petco Park,2680
631074,SD,25,2,Petco Park,2680
631075,ARI,17,3,Petco Park,2680
631075,SD,25,6,Petco Park,2680
631076,SD,29,3,Petco Park,2680
631076,TEX,27,2,Petco Park,2680
631077,SD,27,3,Petco Park,2680
631077,TEX,22,2,Petco Park,2680
631078,HOU,21,0,Petco Park,2680
631078,SD,25,0,Petco Park,2680
631079,HOU,25,1,Petco Park,2680
631079,SD,30,6,Petco Park,2680
631080,HOU,23,1,Petco Park,2680
631080,SD,24,1,Petco Park,2680
631081,SD,31,1,Petco Park,2680
631081,SEA,27,2,Petco Park,2680
631082,SD,21,1,Petco Park,2680
631082,SEA,22,2,Petco Park,2680
631083,SD,22,4,Petco Park,2680
631083,SEA,22,1,Petco Park,2680
631084,COL,20,0,Petco Park,2680
631084,SD,22,0,Petco Park,2680
631085,LAD,27,2,Petco Park,2680
631085,SD,23,2,Petco Park,2680
631086,PIT,15,0,PNC Park,31
631086,STL,19,1,PNC Park,31
631087,CHC,23,0,PNC Park,31
631087,PIT,24,0,PNC Park,31
631088,CHC,21,1,PNC Park,31
631088,PIT,19,1,PNC Park,31
631089,CHC,23,1,PNC Park,31
631089,PIT,26,2,PNC Park,31
631090,LAD,22,2,Petco Park,2680
631090,SD,25,3,Petco Park,2680
631091,ARI,25,1,Petco Park,2680
631091,SD,22,0,Petco Park,2680
631092,ARI,21,0,Petco Park,2680
631092,SD,16,2,Petco Park,2680
631096,CWS,22,1,PNC Park,31
631096,PIT,28,0,PNC Park,31
631097,ARI,21,0,Petco Park,2680
631097,SD,22,1,Petco Park,2680
631098,ARI,27,0,Petco Park,2680
631098,SD,19,1,Petco Park,2680
631099,CHC,20,0,PNC Park,31
631099,PIT,28,4,PNC Park,31
631100,CWS,28,2,PNC Park,31
631100,PIT,26,0,PNC Park,31
631101,PIT,26,1,PNC Park,31
631101,STL,20,0,PNC Park,31
631102,PIT,23,0,PNC Park,31
631102,STL,24,2,PNC Park,31
631103,MIL,28,2,PNC Park,31
631103,PIT,31,1,PNC Park,31
631104,MIL,23,2,PNC Park,31
631104,PIT,32,3,PNC Park,31
631105,DET,33,1,PNC Park,31
631105,PIT,40,3,PNC Park,31
631106,DET,31,5,PNC Park,31
631106,PIT,30,0,PNC Park,31
631107,MIL,22,1,PNC Park,31
631107,PIT,20,1,PNC Park,31
631108,MIA,22,0,Citizens Bank Park,2681
631108,PHI,24,4,Citizens Bank Park,2681
631109,CHC,39,2,PNC Park,31
631109,PIT,34,1,PNC Park,31
631110,DET,18,0,PNC Park,31
631110,PIT,25,0,PNC Park,31
631111,CHC,29,1,PNC Park,31
631111,PIT,26,2,PNC Park,31
631112,CHC,24,0,PNC Park,31
631112,PIT,30,1,PNC Park,31
631113,CIN,20,1,PNC Park,31
631113,PIT,19,0,PNC Park,31
631114,CLE,26,1,PNC Park,31
631114,PIT,24,0,PNC Park,31
631115,CIN,23,4,PNC Park,31
631115,PIT,26,1,PNC Park,31
631116,CIN,17,1,PNC Park,31
631116,PIT,25,0,PNC Park,31
631117,NYM,23,3,Citizens Bank Park,2681
631117,PHI,24,4,Citizens Bank Park,2681
631118,CLE,27,0,PNC Park,31
631118,PIT,18,0,PNC Park,31
631119,NYM,29,1,Citizens Bank Park,2681
631119,PHI,26,1,Citizens Bank Park,2681
631120,CLE,19,1,PNC Park,31
631120,PIT,25,0,PNC Park,31
631121,MIA,26,1,Citizens Bank Park,2681
631121,PHI,23,1,Citizens Bank Park,2681
631122,PHI,18,2,Citizens Bank Park,2681
631122,TOR,28,1,Citizens Bank Park,2681
631123,PHI,23,0,Citizens Bank Park,2681
631123,TOR,17,1,Citizens Bank Park,2681
631124,NYM,26,0,Citizens Bank Park,2681
631124,PHI,29,1,Citizens Bank Park,2681
631125,ATL,32,2,Citizens Bank Park,2681
631125,PHI,28,3,Citizens Bank Park,2681
631126,MIA,30,4,Citizens Bank Park,2681
631126,PHI,35,1,Citizens Bank Park,2681
631127,NYY,14,1,Citizens Bank Park,2681
631127,PHI,17,0,Citizens Bank Park,2681
631128,PHI,22,0,Citizens Bank Park,2681
631128,TOR,26,1,Citizens Bank Park,2681
631129,NYY,26,1,Citizens Bank Park,2681
631129,PHI,23,1,Citizens Bank Park,2681
631130,MIL,32,0,PNC Park,31
631130,PIT,23,2,PNC Park,31
631131,ATL,27,3,Citizens Bank Park,2681
631131,PHI,17,0,Citizens Bank Park,2681
631132,MIL,19,1,PNC Park,31
631132,PIT,25,1,PNC Park,31
631133,ATL,21,0,Citizens Bank Park,2681
631133,PHI,27,2,Citizens Bank Park,2681
631134,ATL,22,1,Citizens Bank Park,2681
631134,PHI,26,1,Citizens Bank Park,2681
631135,ATL,34,2,Citizens Bank Park,2681
631135,PHI,31,4,Citizens Bank Park,2681
631136,ATL,20,1,Citizens Bank Park,2681
631136,PHI,21,0,Citizens Bank Park,2681
631137,MIL,18,2,PNC Park,31
631137,PIT,14,0,PNC Park,31
631138,ATL,24,3,Citizens Bank Park,2681
631138,PHI,28,5,Citizens Bank Park,2681
631139,BAL,37,1,Citizens Bank Park,2681
631139,PHI,33,3,Citizens Bank Park,2681
631140,MIN,26,1,PNC Park,31
631140,PIT,24,1,PNC Park,31
631141,BAL,23,3,Citizens Bank Park,2681
631141,PHI,24,0,Citizens Bank Park,2681
631142,BAL,31,2,Citizens Bank Park,2681
631142,PHI,31,2,Citizens Bank Park,2681
631143,PHI,23,2,Citizens Bank Park,2681
631143,WSH,29,4,Citizens Bank Park,2681
631144,NYM,28,1,Citizens Bank Park,2681
631144,PHI,22,1,Citizens Bank Park,2681
631145,PHI,21,1,Citizens Bank Park,2681
631145,WSH,23,0,Citizens Bank Park,2681
631146,PHI,28,1,Citizens Bank Park,2681
631146,WSH,27,2,Citizens Bank Park,2681
631147,PIT,24,2,PNC Park,31
631147,STL,19,0,PNC Park,31
631148,MIN,29,3,PNC Park,31
631148,PIT,24,1,PNC Park,31
631149,BOS,24,4,Citizens Bank Park,2681
631149,PHI,22,1,Citizens Bank Park,2681
631150,NYM,29,2,Citizens Bank Park,2681
631150,PHI,28,1,Citizens Bank Park,2681
631151,NYM,21,1,Citizens Bank Park,2681
631151,PHI,23,1,Citizens Bank Park,2681
631152,BOS,20,1,Citizens Bank Park,2681
631152,PHI,20,0,Citizens Bank Park,2681
631153,PHI,28,2,Citizens Bank Park,2681
631153,WSH,20,0,Citizens Bank Park,2681
631154,LAA,31,0,Oakland Coliseum,10
631154,OAK,27,1,Oakland Coliseum,10
631155,OAK,25,1,Oakland Coliseum,10
631155,SEA,16,0,Oakland Coliseum,10
631156,OAK,24,0,Oakland Coliseum,10
631156,SD,32,3,Oakland Coliseum,10
631157,OAK,24,1,Oakland Coliseum,10
631157,SD,25,1,Oakland Coliseum,10
631158,OAK,22,1,Oakland Coliseum,10
631158,SD,30,1,Oakland Coliseum,10
631159,HOU,29,0,Oakland Coliseum,10
631159,OAK,27,1,Oakland Coliseum,10
631160,HOU,20,0,Oakland Coliseum,10
631160,OAK,22,1,Oakland Coliseum,10
631161,HOU,22,2,Oakland Coliseum,10
631161,OAK,24,0,Oakland Coliseum,10
631162,HOU,23,0,Oakland Coliseum,10
631162,OAK,27,1,Oakland Coliseum,10
631163,OAK,26,1,Oakland Coliseum,10
631163,SF,19,0,Oakland Coliseum,10
631164,OAK,23,1,Oakland Coliseum,10
631164,SF,23,0,Oakland Coliseum,10
631165,LAA,32,1,Oakland Coliseum,10
631165,OAK,23,1,Oakland Coliseum,10
631166,OAK,27,0,Oakland Coliseum,10
631166,SF,27,3,Oakland Coliseum,10
631167,OAK,27,1,Oakland Coliseum,10
631167,SEA,24,0,Oakland Coliseum,10
631168,LAA,23,0,Oakland Coliseum,10
631168,OAK,18,1,Oakland Coliseum,10
631169,OAK,22,0,Oakland Coliseum,10
631169,SEA,21,1,Oakland Coliseum,10
631170,LAA,29,1,Oakland Coliseum,10
631170,OAK,26,0,Oakland Coliseum,10
631171,COL,30,1,Oakland Coliseum,10
631171,OAK,27,0,Oakland Coliseum,10
631172,COL,28,0,Oakland Coliseum,10
631172,OAK,21,1,Oakland Coliseum,10
631173,OAK,20,2,Oakland Coliseum,10
631173,TEX,21,0,Oakland Coliseum,10
631174,OAK,17,4,Oakland Coliseum,10
631174,TEX,21,1,Oakland Coliseum,10
631175,OAK,22,1,Oakland Coliseum,10
631175,TEX,32,2,Oakland Coliseum,10
631176,HOU,37,0,Oakland Coliseum,10
631176,OAK,31,1,Oakland Coliseum,10
631177,HOU,25,0,Oakland Coliseum,10
631177,OAK,21,2,Oakland Coliseum,10
631178,HOU,21,1,Oakland Coliseum,10
631178,OAK,21,3,Oakland Coliseum,10
631179,ARI,21,0,Oakland Coliseum,10
631179,OAK,21,1,Oakland Coliseum,10
631180,ARI,24,1,Oakland Coliseum,10
631180,OAK,23,3,Oakland Coliseum,10
631181,LAA,26,1,Oakland Coliseum,10
631181,OAK,24,0,Oakland Coliseum,10
631182,LAA,29,1,Oakland Coliseum,10
631182,OAK,22,2,Oakland Coliseum,10
631183,BAL,17,1,Yankee Stadium,3313
631183,NYY,24,2,Yankee Stadium,3313
631184,BAL,15,0,Yankee Stadium,3313
631184,NYY,18,3,Yankee Stadium,3313
631185,BAL,24,0,Yankee Stadium,3313
631185,NYY,25,0,Yankee Stadium,3313
631186,LAA,31,0,Oakland Coliseum,10
631186,OAK,20,1,Oakland Coliseum,10
631187,BAL,22,1,Yankee Stadium,3313
631187,NYY,27,1,Yankee Stadium,3313
631188,MIA,28,2,Yankee Stadium,3313
631188,NYY,27,0,Yankee Stadium,3313
631189,NYY,32,7,Yankee Stadium,3313
631189,TOR,24,1,Yankee Stadium,3313
631190,NYY,29,6,Yankee Stadium,3313
631190,TOR,29,2,Yankee Stadium,3313
631191,MIA,29,1,Yankee Stadium,3313
631191,NYY,22,0,Yankee Stadium,3313
631192,ATL,30,1,Yankee Stadium,3313
631192,NYY,22,2,Yankee Stadium,3313
631193,MIA,26,0,Yankee Stadium,3313
631193,NYY,25,3,Yankee Stadium,3313
631194,NYY,22,1,Yankee Stadium,3313
631194,TB,26,3,Yankee Stadium,3313
631195,NYY,32,6,Yankee Stadium,3313
631195,TOR,30,2,Yankee Stadium,3313
631196,BOS,21,1,Yankee Stadium,3313
631196,NYY,30,1,Yankee Stadium,3313
631197,BOS,32,2,Yankee Stadium,3313
631197,NYY,28,3,Yankee Stadium,3313
631198,BOS,23,1,Yankee Stadium,3313
631198,NYY,26,1,Yankee Stadium,3313
631199,BOS,26,0,Yankee Stadium,3313
631199,NYY,22,4,Yankee Stadium,3313
631200,NYY,22,2,Yankee Stadium,3313
631200,TB,27,2,Yankee Stadium,3313
631201,NYY,17,1,Yankee Stadium,3313
631201,TB,23,2,Yankee Stadium,3313
631202,NYY,32,2,Yankee Stadium,3313
631202,TB,24,2,Yankee Stadium,3313
631203,NYM,22,3,Yankee Stadium,3313
631203,NYY,16,1,Yankee Stadium,3313
631204,NYM,23,1,Yankee Stadium,3313
631204,NYY,20,1,Yankee Stadium,3313
631205,NYM,21,1,Yankee Stadium,3313
631205,NYY,26,1,Yankee Stadium,3313
631206,NYY,24,2,Yankee Stadium,3313
631206,TB,27,2,Yankee Stadium,3313
631207,NYY,24,2,Yankee Stadium,3313
631207,TB,19,2,Yankee Stadium,3313
631208,ATL,30,1,Yankee Stadium,3313
631208,NYY,28,2,Yankee Stadium,3313
631209,NYM,28,5,Citi Field,3289
631209,PHI,16,1,Citi Field,3289
631210,BOS,26,3,Yankee Stadium,3313
631210,NYY,25,3,Yankee Stadium,3313
631211,BAL,33,4,Citi Field,3289
631211,NYM,24,2,Citi Field,3289
631212,BAL,33,1,Citi Field,3289
631212,NYM,25,4,Citi Field,3289
631213,ATL,31,6,Citi Field,3289
631213,NYM,24,0,Citi Field,3289
631214,ATL,16,2,Citi Field,3289
631214,NYM,22,2,Citi Field,3289
631215,ATL,22,1,Citi Field,3289
631215,NYM,22,0,Citi Field,3289
631216,NYM,22,0,Citi Field,3289
631216,TB,15,1,Citi Field,3289
631217,NYM,19,3,Citi Field,3289
631217,TB,20,1,Citi Field,3289
631218,NYM,20,3,Citi Field,3289
631218,TB,27,4,Citi Field,3289
631219,NYY,22,3,Yankee Stadium,3313
631219,PHI,25,1,Yankee Stadium,3313
631220,NYY,28,2,Citizens Bank Park,2681
631220,PHI,30,2,Citizens Bank Park,2681
631221,NYM,25,1,Citi Field,3289
631221,PHI,23,0,Citi Field,3289
631222,BOS,21,1,Yankee Stadium,3313
631222,NYY,28,3,Yankee Stadium,3313
631223,MIA,22,2,Citi Field,3289
631223,NYM,27,1,Citi Field,3289
631224,BOS,21,0,Yankee Stadium,3313
631224,NYY,25,2,Yankee Stadium,3313
631225,NYM,33,1,Citi Field,3289
631225,PHI,31,3,Citi Field,3289
631226,MIA,15,0,Citi Field,3289
631226,NYM,25,2,Citi Field,3289
631227,MIA,20,0,Citi Field,3289
631227,NYM,28,0,Citi Field,3289
631228,NYM,28,0,Citi Field,3289
631228,PHI,21,1,Citi Field,3289
631229,NYM,21,0,Yankee Stadium,3313
631229,NYY,20,2,Yankee Stadium,3313
631230,NYM,20,1,Yankee Stadium,3313
631230,NYY,18,0,Yankee Stadium,3313
631231,NYM,28,3,Citi Field,3289
631231,WSH,28,1,Citi Field,3289
631232,NYM,30,3,Citi Field,3289
631232,WSH,24,4,Citi Field,3289
631233,NYM,28,1,Citi Field,3289
631233,WSH,38,4,Citi Field,3289
631234,NYM,31,3,Citi Field,3289
631234,NYY,29,0,Citi Field,3289
631235,MIA,23,1,Citi Field,3289
631235,NYM,24,0,Citi Field,3289
631236,MIA,24,1,Citi Field,3289
631236,NYM,25,3,Citi Field,3289
631237,MIA,17,1,Citi Field,3289
631237,NYM,23,1,Citi Field,3289
631238,BOS,25,2,Citi Field,3289
631238,NYM,21,0,Citi Field,3289
631239,BOS,26,1,Citi Field,3289
631239,NYM,26,2,Citi Field,3289
631240,ATL,37,4,Citi Field,3289
631240,NYM,27,0,Citi Field,3289
631241,ATL,25,2,Citi Field,3289
631241,NYM,28,0,Citi Field,3289
631242,ATL,15,0,Citi Field,3289
631242,NYM,24,1,Citi Field,3289
631243,NYM,21,0,Citi Field,3289
631243,WSH,24,1,Citi Field,3289
631244,CIN,25,0,Target Field,3312
631244,MIN,21,0,Target Field,3312
631245,CIN,24,0,Target Field,3312
631245,MIN,25,0,Target Field,3312
631246,CIN,28,3,Target Field,3312
631246,MIN,21,0,Target Field,3312
631247,CWS,30,1,Target Field,3312
631247,MIN,21,1,Target Field,3312
631248,MIL,22,1,Target Field,3312
631248,MIN,27,1,Target Field,3312
631249,MIL,30,4,Target Field,3312
631249,MIN,28,1,Target Field,3312
631250,DET,28,2,Target Field,3312
631250,MIN,25,3,Target Field,3312
631251,DET,30,0,Target Field,3312
631251,MIN,26,3,Target Field,3312
631252,KC,22,2,Target Field,3312
631252,MIN,26,1,Target Field,3312
631253,CWS,21,0,Target Field,3312
631253,MIN,25,3,Target Field,3312
631254,DET,31,3,Target Field,3312
631254,MIN,32,1,Target Field,3312
631255,DET,18,0,Target Field,3312
631255,MIN,29,2,Target Field,3312
631256,CLE,24,1,Target Field,3312
631256,MIN,18,2,Target Field,3312
631257,CLE,21,1,Target Field,3312
631257,MIN,23,5,Target Field,3312
631258,KC,23,1,Target Field,3312
631258,MIN,24,2,Target Field,3312
631259,CLE,27,0,Target Field,3312
631259,MIN,20,4,Target Field,3312
631260,MIL,25,0,Target Field,3312
631260,MIN,28,0,Target Field,3312
631261,CWS,25,0,Target Field,3312
631261,MIN,27,0,Target Field,3312
631262,DET,17,0,Target Field,3312
631262,MIN,12,2,Target Field,3312
631263,MIL,29,4,Miller Park,32
631263,STL,24,0,Miller Park,32
631264,DET,21,1,Target Field,3312
631264,MIN,21,1,Target Field,3312
631265,MIL,16,1,Miller Park,32
631265,STL,22,2,Miller Park,32
631266,KC,27,1,Miller Park,32
631266,MIL,25,3,Miller Park,32
631267,KC,15,0,Miller Park,32
631267,MIL,15,1,Miller Park,32
631268,KC,28,1,Miller Park,32
631268,MIL,21,2,Miller Park,32
631269,MIN,27,2,Target Field,3312
631269,STL,24,2,Target Field,3312
631270,MIN,17,1,Target Field,3312
631270,STL,20,0,Target Field,3312
631271,CLE,24,1,Target Field,3312
631271,MIN,16,0,Target Field,3312
631272,CLE,23,0,Target Field,3312
631272,MIN,21,2,Target Field,3312
631273,CLE,18,0,Target Field,3312
631273,MIN,22,3,Target Field,3312
631274,CLE,19,0,Target Field,3312
631274,MIN,17,1,Target Field,3312
631275,MIN,23,0,Target Field,3312
631275,PIT,26,1,Target Field,3312
631276,MIN,26,0,Target Field,3312
631276,PIT,26,0,Target Field,3312
631277,MIL,22,3,Miller Park,32
631277,PIT,31,1,Miller Park,32
631278,MIL,23,0,Miller Park,32
631278,PIT,22,2,Miller Park,32
631279,KC,17,1,Target Field,3312
631279,MIN,11,1,Target Field,3312
631280,KC,15,1,Target Field,3312
631280,MIN,18,1,Target Field,3312
631281,MIL,22,1,Miller Park,32
631281,PIT,17,1,Miller Park,32
631282,MIL,20,0,Miller Park,32
631282,STL,17,0,Miller Park,32
631283,DET,27,0,Miller Park,32
631283,MIL,20,2,Miller Park,32
631284,CHC,15,0,Miller Park,32
631284,MIL,18,0,Miller Park,32
631285,CHC,24,2,Miller Park,32
631285,MIL,25,1,Miller Park,32
631286,CHC,31,1,Miller Park,32
631286,MIL,21,0,Miller Park,32
631287,DET,32,3,Miller Park,32
631287,MIL,21,1,Miller Park,32
631288,MIL,14,1,Miller Park,32
631288,STL,22,0,Miller Park,32
631289,MIL,19,2,Miller Park,32
631289,STL,14,0,Miller Park,32
631290,CIN,25,3,Miller Park,32
631290,MIL,21,1,Miller Park,32
631291,MIL,20,4,Miller Park,32
631291,PIT,16,1,Miller Park,32
631292,MIL,16,1,Busch Stadium,2889
631292,STL,21,1,Busch Stadium,2889
631293,CWS,26,2,Miller Park,32
631293,MIL,25,0,Miller Park,32
631294,CWS,25,1,Miller Park,32
631294,MIL,18,1,Miller Park,32
631295,CIN,28,2,Miller Park,32
631295,MIL,14,2,Miller Park,32
631296,CIN,22,1,Miller Park,32
631296,MIL,19,0,Miller Park,32
631297,CIN,27,1,Miller Park,32
631297,MIL,26,2,Miller Park,32
631298,MIL,27,1,Miller Park,32
631298,MIN,22,1,Miller Park,32
631299,MIL,25,4,Miller Park,32
631299,MIN,20,3,Miller Park,32
631300,MIL,26,0,Miller Park,32
631300,MIN,36,3,Miller Park,32
631301,CIN,20,2,Miller Park,32
631301,MIL,21,2,Miller Park,32
631302,CIN,18,0,Miller Park,32
631302,MIL,16,0,Miller Park,32
631303,CIN,20,1,Miller Park,32
631303,MIL,16,0,Miller Park,32
631304,MIA,24,0,Marlins Park,4169
631304,TB,22,0,Marlins Park,4169
631305,MIA,18,0,Marlins Park,4169
631305,WSH,22,0,Marlins Park,4169
631306,MIA,26,3,Marlins Park,4169
631306,TB,38,4,Marlins Park,4169
631307,MIA,20,2,Marlins Park,4169
631307,TOR,24,0,Marlins Park,4169
631308,MIA,24,0,Marlins Park,4169
631308,TOR,26,1,Marlins Park,4169
631309,MIA,31,0,Marlins Park,4169
631309,PHI,30,1,Marlins Park,4169
631310,MIA,13,0,Marlins Park,4169
631310,PHI,28,2,Marlins Park,4169
631311,MIA,26,2,Marlins Park,4169
631311,PHI,36,2,Marlins Park,4169
631312,MIA,12,0,Marlins Park,4169
631312,PHI,18,0,Marlins Park,4169
631313,BOS,23,1,Marlins Park,4169
631313,MIA,23,0,Marlins Park,4169
631314,BOS,24,0,Marlins Park,4169
631314,MIA,19,0,Marlins Park,4169
631315,BOS,25,1,Marlins Park,4169
631315,MIA,25,3,Marlins Park,4169
631316,MIA,16,0,Marlins Park,4169
631316,WSH,25,0,Marlins Park,4169
631317,MIA,29,2,Marlins Park,4169
631317,WSH,21,0,Marlins Park,4169
631318,MIA,23,1,Marlins Park,4169
631318,PHI,24,0,Marlins Park,4169
631319,MIA,18,0,Marlins Park,4169
631319,TB,28,0,Marlins Park,4169
631320,MIA,23,1,Marlins Park,4169
631320,PHI,14,1,Marlins Park,4169
631321,MIA,21,2,Marlins Park,4169
631321,PHI,23,2,Marlins Park,4169
631322,ATL,26,1,Marlins Park,4169
631322,MIA,29,0,Marlins Park,4169
631323,MIA,14,0,Citi Field,3289
631323,NYM,16,0,Citi Field,3289
631324,ATL,19,0,Marlins Park,4169
631324,MIA,16,0,Marlins Park,4169
631325,MIA,27,1,Marlins Park,4169
631325,NYM,31,4,Marlins Park,4169
631326,MIA,27,0,Marlins Park,4169
631326,NYM,31,3,Marlins Park,4169
631327,MIA,23,0,Marlins Park,4169
631327,NYM,27,1,Marlins Park,4169
631328,COL,20,1,Dodger Stadium,22
631328,LAD,24,0,Dodger Stadium,22
631329,MIA,18,0,Marlins Park,4169
631329,WSH,37,5,Marlins Park,4169
631330,ATL,26,2,Marlins Park,4169
631330,MIA,21,1,Marlins Park,4169
631331,HOU,31,0,Dodger Stadium,22
631331,LAD,22,2,Dodger Stadium,22
631332,HOU,21,1,Dodger Stadium,22
631332,LAD,27,3,Dodger Stadium,22
631333,LAD,27,4,Dodger Stadium,22
631333,OAK,20,1,Dodger Stadium,22
631334,LAD,27,3,Dodger Stadium,22
631334,OAK,26,1,Dodger Stadium,22
631335,LAD,29,1,Dodger Stadium,22
631335,OAK,13,1,Dodger Stadium,22
631336,LAA,28,3,Dodger Stadium,22
631336,LAD,30,5,Dodger Stadium,22
631337,LAA,29,0,Dodger Stadium,22
631337,LAD,18,3,Dodger Stadium,22
631338,LAA,20,0,Dodger Stadium,22
631338,LAD,23,2,Dodger Stadium,22
631339,BAL,17,0,Oriole Park at Camden Yards,2
631339,MIA,18,0,Oriole Park at Camden Yards,2
631340,BAL,31,4,Oriole Park at Camden Yards,2
631340,MIA,29,1,Oriole Park at Camden Yards,2
631341,MIA,23,1,Nationals Park,3309
631341,WSH,25,2,Nationals Park,3309
631342,MIA,25,4,Marlins Park,4169
631342,WSH,22,0,Marlins Park,4169
631343,LAD,25,1,Dodger Stadium,22
631343,SF,25,3,Dodger Stadium,22
631344,COL,27,2,Dodger Stadium,22
631344,LAD,26,4,Dodger Stadium,22
631345,COL,27,3,Dodger Stadium,22
631345,LAD,33,5,Dodger Stadium,22
631346,LAD,24,0,Dodger Stadium,22
631346,SD,26,1,Dodger Stadium,22
631347,LAD,27,0,Dodger Stadium,22
631347,SD,32,2,Dodger Stadium,22
631348,COL,17,0,Dodger Stadium,22
631348,LAD,31,0,Dodger Stadium,22
631349,COL,28,1,Dodger Stadium,22
631349,LAD,16,2,Dodger Stadium,22
631350,LAD,25,1,Dodger Stadium,22
631350,SD,18,0,Dodger Stadium,22
631351,LAD,30,6,Dodger Stadium,22
631351,SD,27,2,Dodger Stadium,22
631352,LAD,27,3,Dodger Stadium,22
631352,SEA,32,4,Dodger Stadium,22
631353,LAD,18,0,Dodger Stadium,22
631353,SEA,24,0,Dodger Stadium,22
631354,COL,29,3,Dodger Stadium,22
631354,LAD,32,7,Dodger Stadium,22
631355,ARI,23,2,Dodger Stadium,22
631355,LAD,26,0,Dodger Stadium,22
631356,ARI,27,1,Dodger Stadium,22
631356,LAD,24,1,Dodger Stadium,22
631357,HOU,32,0,Angel Stadium,1
631357,LAA,27,2,Angel Stadium,1
631358,LAD,26,4,Dodger Stadium,22
631358,SF,24,1,Dodger Stadium,22
631359,HOU,22,3,Angel Stadium,1
631359,LAA,31,1,Angel Stadium,1
631360,ARI,31,5,Angel Stadium,1
631360,LAA,34,2,Angel Stadium,1
631361,ARI,33,2,Angel Stadium,1
631361,LAA,29,3,Angel Stadium,1
631362,ARI,24,0,Angel Stadium,1
631362,LAA,31,1,Angel Stadium,1
631363,LAA,29,1,Angel Stadium,1
631363,LAD,31,1,Angel Stadium,1
631364,LAA,31,2,Angel Stadium,1
631364,LAD,25,4,Angel Stadium,1
631365,LAA,26,2,Angel Stadium,1
631365,SF,31,1,Angel Stadium,1
631366,LAA,25,1,Angel Stadium,1
631366,SF,28,2,Angel Stadium,1
631367,LAA,30,2,Angel Stadium,1
631367,TEX,23,0,Angel Stadium,1
631368,LAA,24,0,Angel Stadium,1
631368,SD,20,0,Angel Stadium,1
631369,LAA,29,3,Angel Stadium,1
631369,SEA,26,1,Angel Stadium,1
631370,ARI,20,0,Dodger Stadium,22
631370,LAD,28,1,Dodger Stadium,22
631371,LAA,21,0,Angel Stadium,1
631371,SEA,25,1,Angel Stadium,1
631372,LAA,26,1,Angel Stadium,1
631372,TEX,22,2,Angel Stadium,1
631373,LAD,22,2,Dodger Stadium,22
631373,SF,18,0,Dodger Stadium,22
631374,LAA,22,1,Angel Stadium,1
631374,SEA,23,1,Angel Stadium,1
631375,LAA,23,0,Angel Stadium,1
631375,TEX,22,5,Angel Stadium,1
631376,LAA,22,1,Angel Stadium,1
631376,TEX,28,2,Angel Stadium,1
631377,LAD,31,1,Dodger Stadium,22
631377,SF,25,0,Dodger Stadium,22
631378,LAD,35,2,Dodger Stadium,22
631378,SF,22,1,Dodger Stadium,22
631379,LAA,26,1,Angel Stadium,1
631379,SD,29,2,Angel Stadium,1
631380,KC,29,4,Kauffman Stadium,7
631380,STL,25,0,Kauffman Stadium,7
631381,LAA,23,1,Angel Stadium,1
631381,LAD,27,2,Angel Stadium,1
631382,LAD,27,1,Dodger Stadium,22
631382,SF,20,1,Dodger Stadium,22
631383,DET,26,0,Kauffman Stadium,7
631383,KC,22,0,Kauffman Stadium,7
631384,LAD,26,0,Dodger Stadium,22
631384,SF,30,0,Dodger Stadium,22
631385,DET,19,0,Kauffman Stadium,7
631385,KC,27,1,Kauffman Stadium,7
631386,DET,20,0,Kauffman Stadium,7
631386,KC,20,2,Kauffman Stadium,7
631387,LAA,29,3,Angel Stadium,1
631387,SEA,23,1,Angel Stadium,1
631388,HOU,27,1,Angel Stadium,1
631388,LAA,24,3,Angel Stadium,1
631389,LAA,27,3,Angel Stadium,1
631389,SEA,29,1,Angel Stadium,1
631390,LAA,24,2,Angel Stadium,1
631390,SEA,25,2,Angel Stadium,1
631391,HOU,34,0,Angel Stadium,1
631391,LAA,24,1,Angel Stadium,1
631392,HOU,29,2,Angel Stadium,1
631392,LAA,29,0,Angel Stadium,1
631393,HOU,33,1,Angel Stadium,1
631393,LAA,25,1,Angel Stadium,1
631394,LAA,19,1,Angel Stadium,1
631394,SEA,22,0,Angel Stadium,1
631395,LAA,30,4,Angel Stadium,1
631395,OAK,28,2,Angel Stadium,1
631396,LAA,30,4,Angel Stadium,1
631396,OAK,18,0,Angel Stadium,1
631397,LAA,23,2,Angel Stadium,1
631397,OAK,28,3,Angel Stadium,1
631398,DET,31,2,Kauffman Stadium,7
631398,KC,30,2,Kauffman Stadium,7
631399,KC,23,1,Kauffman Stadium,7
631399,PIT,21,1,Kauffman Stadium,7
631400,KC,28,2,Kauffman Stadium,7
631400,PIT,28,3,Kauffman Stadium,7
631401,KC,20,2,Kauffman Stadium,7
631401,PIT,29,0,Kauffman Stadium,7
631402,KC,20,0,Kauffman Stadium,7
631402,STL,23,1,Kauffman Stadium,7
631403,KC,26,1,Kauffman Stadium,7
631403,MIN,28,2,Kauffman Stadium,7
631404,CLE,29,2,Kauffman Stadium,7
631404,KC,18,0,Kauffman Stadium,7
631405,CWS,32,3,Kauffman Stadium,7
631405,KC,31,1,Kauffman Stadium,7
631406,CWS,31,0,Kauffman Stadium,7
631406,KC,30,0,Kauffman Stadium,7
631407,CWS,31,1,Kauffman Stadium,7
631407,KC,25,1,Kauffman Stadium,7
631408,CWS,26,2,Kauffman Stadium,7
631408,KC,21,1,Kauffman Stadium,7
631409,KC,26,2,Kauffman Stadium,7
631409,MIN,21,0,Kauffman Stadium,7
631410,CWS,24,1,Kauffman Stadium,7
631410,KC,29,1,Kauffman Stadium,7
631411,KC,24,0,Kauffman Stadium,7
631411,STL,22,0,Kauffman Stadium,7
631412,KC,27,0,Kauffman Stadium,7
631412,MIN,32,1,Kauffman Stadium,7
631413,CWS,43,2,Kauffman Stadium,7
631413,KC,28,1,Kauffman Stadium,7
631414,CLE,27,0,Kauffman Stadium,7
631414,KC,15,0,Kauffman Stadium,7
631415,CWS,33,0,Kauffman Stadium,7
631415,KC,25,1,Kauffman Stadium,7
631416,CLE,37,4,Kauffman Stadium,7
631416,KC,26,1,Kauffman Stadium,7
631417,CHC,25,0,Kauffman Stadium,7
631417,KC,24,0,Kauffman Stadium,7
631418,CIN,16,0,Kauffman Stadium,7
631418,KC,15,0,Kauffman Stadium,7
631419,KC,27,1,Kauffman Stadium,7
631419,MIN,25,2,Kauffman Stadium,7
631420,KC,25,4,Kauffman Stadium,7
631420,MIN,25,3,Kauffman Stadium,7
631421,KC,25,1,Kauffman Stadium,7
631421,MIN,24,0,Kauffman Stadium,7
631422,CIN,19,4,Kauffman Stadium,7
631422,KC,13,0,Kauffman Stadium,7
631423,HOU,18,0,Minute Maid Park,2392
631423,LAA,18,1,Minute Maid Park,2392
631424,ARI,25,1,Minute Maid Park,2392
631424,HOU,20,2,Minute Maid Park,2392
631425,CHC,22,0,Kauffman Stadium,7
631425,KC,32,3,Kauffman Stadium,7
631426,HOU,23,2,Minute Maid Park,2392
631426,LAA,26,1,Minute Maid Park,2392
631427,HOU,21,1,Minute Maid Park,2392
631427,OAK,16,2,Minute Maid Park,2392
631428,HOU,21,2,Minute Maid Park,2392
631428,OAK,17,0,Minute Maid Park,2392
631429,HOU,21,1,Oakland Coliseum,10
631429,OAK,23,1,Oakland Coliseum,10
631430,HOU,33,1,Minute Maid Park,2392
631430,TEX,27,1,Minute Maid Park,2392
631431,HOU,21,1,Minute Maid Park,2392
631431,TEX,22,1,Minute Maid Park,2392
631432,HOU,28,2,Minute Maid Park,2392
631432,TEX,23,1,Minute Maid Park,2392
631433,HOU,25,2,Minute Maid Park,2392
631433,TEX,22,0,Minute Maid Park,2392
631434,HOU,20,0,Minute Maid Park,2392
631434,TEX,20,0,Minute Maid Park,2392
631435,HOU,27,1,Minute Maid Park,2392
631435,TEX,17,0,Minute Maid Park,2392
631436,ARI,24,2,Minute Maid Park,2392
631436,HOU,28,1,Minute Maid Park,2392
631437,ARI,20,1,Minute Maid Park,2392
631437,HOU,24,0,Minute Maid Park,2392
631438,HOU,30,1,Minute Maid Park,2392
631438,SEA,21,2,Minute Maid Park,2392
631439,HOU,30,1,Minute Maid Park,2392
631439,LAA,21,1,Minute Maid Park,2392
631440,HOU,24,3,Angel Stadium,1
631440,LAA,20,1,Angel Stadium,1
631441,HOU,22,0,Minute Maid Park,2392
631441,SEA,30,0,Minute Maid Park,2392
631442,HOU,23,2,Minute Maid Park,2392
631442,SEA,22,1,Minute Maid Park,2392
631443,HOU,22,1,Minute Maid Park,2392
631443,LAD,32,0,Minute Maid Park,2392
631444,HOU,32,0,Minute Maid Park,2392
631444,LAD,31,2,Minute Maid Park,2392
631445,HOU,26,1,Minute Maid Park,2392
631445,SF,27,1,Minute Maid Park,2392
631446,HOU,31,1,Minute Maid Park,2392
631446,SF,33,2,Minute Maid Park,2392
631447,HOU,24,1,Minute Maid Park,2392
631447,SF,25,0,Minute Maid Park,2392
631448,HOU,24,2,Minute Maid Park,2392
631448,SEA,21,0,Minute Maid Park,2392
631449,HOU,26,1,Minute Maid Park,2392
631449,SEA,18,1,Minute Maid Park,2392
631450,HOU,24,1,Minute Maid Park,2392
631450,SEA,17,0,Minute Maid Park,2392
631451,COL,21,1,Minute Maid Park,2392
631451,HOU,25,0,Minute Maid Park,2392
631452,COL,23,0,Minute Maid Park,2392
631452,HOU,27,0,Minute Maid Park,2392
631453,HOU,28,2,Minute Maid Park,2392
631453,SEA,23,1,Minute Maid Park,2392
631454,CLE,27,2,Comerica Park,2394
631454,DET,19,1,Comerica Park,2394
631455,CHC,32,1,Comerica Park,2394
631455,DET,34,0,Comerica Park,2394
631456,DET,21,0,Target Field,3312
631456,MIN,27,0,Target Field,3312
631457,DET,15,2,Comerica Park,2394
631457,MIN,20,1,Comerica Park,2394
631458,DET,28,0,Comerica Park,2394
631458,MIN,19,1,Comerica Park,2394
631459,DET,18,2,Comerica Park,2394
631459,MIN,23,1,Comerica Park,2394
631460,DET,22,1,Comerica Park,2394
631460,MIL,27,0,Comerica Park,2394
631461,DET,17,0,Comerica Park,2394
631461,MIL,39,5,Comerica Park,2394
631462,DET,24,2,Comerica Park,2394
631462,KC,23,0,Comerica Park,2394
631463,DET,17,0,Comerica Park,2394
631463,KC,23,1,Comerica Park,2394
631464,CLE,31,2,Comerica Park,2394
631464,DET,19,1,Comerica Park,2394
631465,CLE,26,0,Comerica Park,2394
631465,DET,18,0,Comerica Park,2394
631466,CLE,22,0,Comerica Park,2394
631466,DET,25,0,Comerica Park,2394
631467,CHC,22,1,Comerica Park,2394
631467,DET,24,1,Comerica Park,2394
631468,CHC,30,3,Comerica Park,2394
631468,DET,24,1,Comerica Park,2394
631469,CIN,29,0,Comerica Park,2394
631469,DET,16,0,Comerica Park,2394
631470,CIN,13,2,Comerica Park,2394
631470,DET,21,0,Comerica Park,2394
631473,CWS,30,0,Comerica Park,2394
631473,DET,24,2,Comerica Park,2394
631474,CWS,29,2,Comerica Park,2394
631474,DET,27,1,Comerica Park,2394
631475,CWS,25,2,Comerica Park,2394
631475,DET,27,2,Comerica Park,2394
631476,CLE,31,2,Comerica Park,2394
631476,DET,29,2,Comerica Park,2394
631477,CLE,26,0,Comerica Park,2394
631477,DET,19,0,Comerica Park,2394
631478,CWS,18,1,Guaranteed Rate Field,4
631478,DET,23,0,Guaranteed Rate Field,4
631479,CLE,34,5,Comerica Park,2394
631479,DET,28,0,Comerica Park,2394
631480,CIN,22,0,Comerica Park,2394
631480,DET,25,0,Comerica Park,2394
631481,CWS,25,1,Guaranteed Rate Field,4
631481,DET,24,0,Guaranteed Rate Field,4
631482,CWS,26,0,Guaranteed Rate Field,4
631482,MIN,25,0,Guaranteed Rate Field,4
631483,CWS,28,2,Guaranteed Rate Field,4
631483,MIN,20,1,Guaranteed Rate Field,4
631484,CWS,18,1,Guaranteed Rate Field,4
631484,MIN,27,3,Guaranteed Rate Field,4
631485,CWS,21,2,Guaranteed Rate Field,4
631485,MIN,25,3,Guaranteed Rate Field,4
631486,CHC,29,5,Guaranteed Rate Field,4
631486,CWS,23,0,Guaranteed Rate Field,4
631487,CHC,23,1,Guaranteed Rate Field,4
631487,CWS,26,2,Guaranteed Rate Field,4
631488,CHC,26,3,Guaranteed Rate Field,4
631488,CWS,23,2,Guaranteed Rate Field,4
631489,DET,28,2,Comerica Park,2394
631489,KC,34,6,Comerica Park,2394
631490,DET,23,2,Comerica Park,2394
631490,KC,22,1,Comerica Park,2394
631491,CWS,20,4,Guaranteed Rate Field,4
631491,STL,28,0,Guaranteed Rate Field,4
631492,DET,17,2,Comerica Park,2394
631492,KC,30,0,Comerica Park,2394
631493,CWS,24,6,Guaranteed Rate Field,4
631493,DET,21,0,Guaranteed Rate Field,4
631494,DET,24,3,Comerica Park,2394
631494,KC,33,0,Comerica Park,2394
631495,CWS,34,2,Guaranteed Rate Field,4
631495,DET,28,0,Guaranteed Rate Field,4
631496,CWS,29,1,Guaranteed Rate Field,4
631496,DET,28,1,Guaranteed Rate Field,4
631497,CWS,22,3,Guaranteed Rate Field,4
631497,DET,20,1,Guaranteed Rate Field,4
631498,CWS,29,2,Guaranteed Rate Field,4
631498,DET,17,0,Guaranteed Rate Field,4
631499,CWS,26,0,Guaranteed Rate Field,4
631499,PIT,14,0,Guaranteed Rate Field,4
631500,CWS,30,4,Guaranteed Rate Field,4
631500,PIT,23,1,Guaranteed Rate Field,4
631501,CWS,24,3,Guaranteed Rate Field,4
631501,KC,30,2,Guaranteed Rate Field,4
631502,CWS,28,1,Guaranteed Rate Field,4
631502,KC,27,4,Guaranteed Rate Field,4
631503,CLE,23,3,Guaranteed Rate Field,4
631503,CWS,24,1,Guaranteed Rate Field,4
631504,CLE,22,0,Guaranteed Rate Field,4
631504,CWS,22,1,Guaranteed Rate Field,4
631505,CWS,23,1,Guaranteed Rate Field,4
631505,KC,20,1,Guaranteed Rate Field,4
631506,CLE,24,0,Guaranteed Rate Field,4
631506,CWS,18,2,Guaranteed Rate Field,4
631507,CWS,14,2,Guaranteed Rate Field,4
631507,STL,24,2,Guaranteed Rate Field,4
631508,CWS,15,0,Guaranteed Rate Field,4
631508,STL,22,0,Guaranteed Rate Field,4
631509,COL,27,0,Coors Field,19
631509,OAK,22,0,Coors Field,19
631510,COL,30,1,Coors Field,19
631510,LAD,29,2,Coors Field,19
631511,COL,31,1,Coors Field,19
631511,LAD,40,3,Coors Field,19
631512,COL,20,0,Coors Field,19
631512,LAD,30,2,Coors Field,19
631513,CWS,18,1,Guaranteed Rate Field,4
631513,MIL,31,2,Guaranteed Rate Field,4
631514,CWS,27,1,Guaranteed Rate Field,4
631514,MIN,29,2,Guaranteed Rate Field,4
631515,CWS,27,5,Guaranteed Rate Field,4
631515,MIN,28,1,Guaranteed Rate Field,4
631516,COL,25,0,Coors Field,19
631516,TEX,20,1,Coors Field,19
631517,CWS,22,1,Guaranteed Rate Field,4
631517,MIN,33,4,Guaranteed Rate Field,4
631518,CWS,23,0,Guaranteed Rate Field,4
631518,MIL,21,0,Guaranteed Rate Field,4
631519,COL,23,0,Coors Field,19
631519,LAD,27,0,Coors Field,19
631520,COL,20,1,Coors Field,19
631520,OAK,29,0,Coors Field,19
631521,COL,30,1,Coors Field,19
631521,TEX,23,2,Coors Field,19
631522,COL,27,0,Coors Field,19
631522,HOU,40,4,Coors Field,19
631523,COL,32,3,Coors Field,19
631523,HOU,27,1,Coors Field,19
631524,COL,27,1,Coors Field,19
631524,SD,39,0,Coors Field,19
631525,COL,26,0,Coors Field,19
631525,SD,29,0,Coors Field,19
631526,COL,22,0,Coors Field,19
631526,SD,35,5,Coors Field,19
631527,COL,20,0,Coors Field,19
631527,SD,26,1,Coors Field,19
631528,COL,26,2,Coors Field,19
631528,SF,47,4,Coors Field,19
631529,COL,30,2,Coors Field,19
631529,SF,28,1,Coors Field,19
631530,COL,26,2,Coors Field,19
631530,LAA,28,2,Coors Field,19
631531,COL,31,0,Coors Field,19
631531,LAA,33,1,Coors Field,19
631532,COL,22,1,Coors Field,19
631532,LAA,25,1,Coors Field,19
631533,COL,32,0,Coors Field,19
631533,TEX,31,1,Coors Field,19
631534,CLE,16,2,Progressive Field,5
631534,CWS,17,0,Progressive Field,5
631535,ARI,40,1,Coors Field,19
631535,COL,32,3,Coors Field,19
631536,CLE,21,0,Progressive Field,5
631536,PIT,20,1,Progressive Field,5
631537,CLE,20,0,Progressive Field,5
631537,PIT,29,3,Progressive Field,5
631538,CLE,29,2,Progressive Field,5
631538,PIT,26,2,Progressive Field,5
631539,COL,33,2,Coors Field,19
631539,SD,31,2,Coors Field,19
631540,COL,25,2,Coors Field,19
631540,SD,19,1,Coors Field,19
631541,COL,30,3,Coors Field,19
631541,SD,29,0,Coors Field,19
631542,COL,26,2,Coors Field,19
631542,SF,27,3,Coors Field,19
631543,COL,21,1,Coors Field,19
631543,SF,23,0,Coors Field,19
631544,COL,26,1,Coors Field,19
631544,SF,29,1,Coors Field,19
631545,COL,27,3,Coors Field,19
631545,SF,30,1,Coors Field,19
631546,ARI,35,1,Coors Field,19
631546,COL,32,2,Coors Field,19
631547,ARI,35,2,Coors Field,19
631547,COL,28,1,Coors Field,19
631548,CLE,26,1,Progressive Field,5
631548,DET,30,3,Progressive Field,5
631549,CLE,29,0,Progressive Field,5
631549,CWS,20,1,Progressive Field,5
631550,CLE,28,2,Progressive Field,5
631550,CWS,26,1,Progressive Field,5
631551,CLE,21,2,Progressive Field,5
631551,DET,29,3,Progressive Field,5
631552,CLE,25,1,Progressive Field,5
631552,MIN,24,2,Progressive Field,5
631553,CLE,20,1,Progressive Field,5
631553,MIN,20,0,Progressive Field,5
631554,CLE,22,1,Progressive Field,5
631554,MIN,27,1,Progressive Field,5
631555,CLE,21,0,Progressive Field,5
631555,MIL,27,1,Progressive Field,5
631556,CLE,15,1,Progressive Field,5
631556,MIL,24,2,Progressive Field,5
631557,CLE,25,0,Progressive Field,5
631557,MIL,20,0,Progressive Field,5
631558,CLE,29,0,Progressive Field,5
631558,KC,28,1,Progressive Field,5
631559,CLE,24,3,Progressive Field,5
631559,KC,27,1,Progressive Field,5
631560,CLE,27,0,Progressive Field,5
631560,KC,28,0,Progressive Field,5
631561,CLE,22,0,Progressive Field,5
631561,KC,32,3,Progressive Field,5
631562,CLE,24,2,Progressive Field,5
631562,CWS,23,1,Progressive Field,5
631563,CLE,25,0,Progressive Field,5
631563,KC,12,0,Progressive Field,5
631564,CLE,28,0,Progressive Field,5
631564,DET,16,1,Progressive Field,5
631565,CLE,19,0,Progressive Field,5
631565,KC,27,2,Progressive Field,5
631566,CLE,28,2,Progressive Field,5
631566,KC,18,0,Progressive Field,5
631567,CLE,21,1,Progressive Field,5
631567,CWS,28,2,Progressive Field,5
631568,CHC,21,2,Progressive Field,5
631568,CLE,24,0,Progressive Field,5
631569,CLE,21,0,Progressive Field,5
631569,CWS,21,0,Progressive Field,5
631570,CIN,18,0,Progressive Field,5
631570,CLE,19,0,Progressive Field,5
631571,CIN,18,0,Progressive Field,5
631571,CLE,22,2,Progressive Field,5
631572,CHC,30,1,Progressive Field,5
631572,CLE,27,0,Progressive Field,5
631573,CLE,24,2,Progressive Field,5
631573,CWS,24,1,Progressive Field,5
631574,CIN,21,1,Great American Ball Park,2602
631574,PIT,23,0,Great American Ball Park,2602
631575,CIN,19,0,Great American Ball Park,2602
631575,PIT,18,0,Great American Ball Park,2602
631576,CIN,22,4,Great American Ball Park,2602
631576,CWS,20,0,Great American Ball Park,2602
631577,CIN,19,0,Great American Ball Park,2602
631577,CWS,27,5,Great American Ball Park,2602
631578,CIN,19,1,Great American Ball Park,2602
631578,CWS,18,1,Great American Ball Park,2602
631579,CIN,19,3,Great American Ball Park,2602
631579,MIL,19,2,Great American Ball Park,2602
631580,CIN,19,1,Great American Ball Park,2602
631580,MIL,20,1,Great American Ball Park,2602
631581,CHC,17,2,Great American Ball Park,2602
631581,CIN,18,0,Great American Ball Park,2602
631582,CHC,19,4,Great American Ball Park,2602
631582,CIN,29,3,Great American Ball Park,2602
631583,CIN,23,3,Great American Ball Park,2602
631583,MIL,19,0,Great American Ball Park,2602
631584,CHC,22,6,Great American Ball Park,2602
631584,CIN,19,1,Great American Ball Park,2602
631585,CIN,22,1,Great American Ball Park,2602
631585,STL,29,1,Great American Ball Park,2602
631586,CIN,26,1,Great American Ball Park,2602
631586,STL,41,2,Great American Ball Park,2602
631587,CIN,19,1,Great American Ball Park,2602
631587,STL,26,2,Great American Ball Park,2602
631588,CIN,17,2,Great American Ball Park,2602
631588,PIT,11,1,Great American Ball Park,2602
631589,CIN,27,2,Great American Ball Park,2602
631589,DET,15,1,Great American Ball Park,2602
631590,CIN,13,3,Great American Ball Park,2602
631590,PIT,17,2,Great American Ball Park,2602
631591,CIN,19,0,Great American Ball Park,2602
631591,DET,14,2,Great American Ball Park,2602
631592,CHC,23,1,Great American Ball Park,2602
631592,CIN,28,1,Great American Ball Park,2602
631593,CHC,28,3,Great American Ball Park,2602
631593,CIN,23,3,Great American Ball Park,2602
631594,CHC,21,1,Great American Ball Park,2602
631594,CIN,24,3,Great American Ball Park,2602
631595,CHC,21,2,Great American Ball Park,2602
631595,CIN,16,3,Great American Ball Park,2602
631596,CIN,21,2,Great American Ball Park,2602
631596,CLE,16,1,Great American Ball Park,2602
631597,CIN,21,2,Great American Ball Park,2602
631597,CLE,21,1,Great American Ball Park,2602
631598,CIN,25,2,Great American Ball Park,2602
631598,KC,29,1,Great American Ball Park,2602
631599,CIN,22,3,Great American Ball Park,2602
631599,KC,19,1,Great American Ball Park,2602
631600,CIN,28,3,Great American Ball Park,2602
631600,PIT,29,3,Great American Ball Park,2602
631601,CIN,24,3,Great American Ball Park,2602
631601,PIT,19,1,Great American Ball Park,2602
631602,CIN,18,2,PNC Park,31
631602,PIT,17,0,PNC Park,31
631603,CIN,27,3,Great American Ball Park,2602
631603,DET,22,3,Great American Ball Park,2602
631604,CHC,21,2,Wrigley Field,17
631604,STL,28,2,Wrigley Field,17
631605,CHC,31,0,Wrigley Field,17
631605,STL,26,0,Wrigley Field,17
631606,CHC,25,0,Wrigley Field,17
631606,PIT,31,1,Wrigley Field,17
631607,CHC,21,2,Wrigley Field,17
631607,STL,17,0,Wrigley Field,17
631608,CHC,20,3,Wrigley Field,17
631608,KC,31,0,Wrigley Field,17
631609,CHC,19,1,Wrigley Field,17
631609,MIL,19,1,Wrigley Field,17
631610,CHC,19,0,Wrigley Field,17
631610,MIL,19,1,Wrigley Field,17
631611,CHC,27,2,Wrigley Field,17
631611,MIL,36,0,Wrigley Field,17
631612,CHC,14,0,Wrigley Field,17
631612,MIL,28,2,Wrigley Field,17
631613,CHC,16,1,Wrigley Field,17
631613,STL,20,1,Wrigley Field,17
631614,BOS,27,1,Fenway Park,3
631614,TOR,25,2,Fenway Park,3
631615,CHC,17,0,Wrigley Field,17
631615,CIN,21,0,Wrigley Field,17
631616,CHC,20,0,Wrigley Field,17
631616,CIN,16,1,Wrigley Field,17
631617,CHC,21,0,Wrigley Field,17
631617,MIN,25,1,Wrigley Field,17
631618,CHC,26,1,Wrigley Field,17
631618,CLE,27,1,Wrigley Field,17
631619,CHC,25,0,Wrigley Field,17
631619,CLE,25,1,Wrigley Field,17
631620,CHC,18,2,Wrigley Field,17
631620,STL,21,0,Wrigley Field,17
631621,CHC,15,2,Wrigley Field,17
631621,STL,23,1,Wrigley Field,17
631622,CHC,24,3,Wrigley Field,17
631622,PIT,19,1,Wrigley Field,17
631623,BOS,18,3,Fenway Park,3
631623,TOR,28,1,Fenway Park,3
631624,ATL,31,4,Fenway Park,3
631624,BOS,22,1,Fenway Park,3
631625,BOS,33,5,Fenway Park,3
631625,TOR,36,2,Fenway Park,3
631626,BOS,26,4,Fenway Park,3
631626,TOR,32,2,Fenway Park,3
631627,BOS,33,1,Fenway Park,3
631627,NYY,30,1,Fenway Park,3
631628,BOS,23,0,Fenway Park,3
631628,NYY,28,1,Fenway Park,3
631629,CHC,21,0,Wrigley Field,17
631629,MIN,17,0,Wrigley Field,17
631630,BOS,19,3,Fenway Park,3
631630,TOR,19,2,Fenway Park,3
631631,BOS,30,1,Fenway Park,3
631631,TB,32,0,Fenway Park,3
631632,CHC,23,0,Wrigley Field,17
631632,MIN,23,3,Wrigley Field,17
631633,CHC,29,0,Wrigley Field,17
631633,CWS,28,6,Wrigley Field,17
631634,CHC,25,0,Wrigley Field,17
631634,CIN,25,0,Wrigley Field,17
631635,BOS,34,4,Fenway Park,3
631635,NYY,18,1,Fenway Park,3
631636,BAL,25,1,Fenway Park,3
631636,BOS,30,1,Fenway Park,3
631637,BAL,22,1,Fenway Park,3
631637,BOS,25,0,Fenway Park,3
631638,CHC,23,0,Wrigley Field,17
631638,CWS,30,5,Wrigley Field,17
631639,CHC,22,1,Wrigley Field,17
631639,CWS,20,1,Wrigley Field,17
631640,BAL,41,3,Fenway Park,3
631640,BOS,23,0,Fenway Park,3
631641,CHC,21,2,Wrigley Field,17
631641,MIL,21,0,Wrigley Field,17
631642,CHC,21,1,Wrigley Field,17
631642,MIL,27,2,Wrigley Field,17
631643,CHC,23,3,Wrigley Field,17
631643,MIL,21,0,Wrigley Field,17
631644,CHC,27,1,Wrigley Field,17
631644,STL,14,1,Wrigley Field,17
631645,CHC,19,1,Wrigley Field,17
631645,KC,25,0,Wrigley Field,17
631646,BOS,23,0,Fenway Park,3
631646,TB,27,1,Fenway Park,3
631647,CHC,26,1,Wrigley Field,17
631647,PIT,25,2,Wrigley Field,17
631648,BOS,28,1,Fenway Park,3
631648,TB,32,4,Fenway Park,3
631649,BOS,23,1,Fenway Park,3
631649,TOR,24,2,Fenway Park,3
631650,BOS,28,0,Fenway Park,3
631650,TB,35,4,Fenway Park,3
631651,BOS,22,0,Fenway Park,3
631651,PHI,34,4,Fenway Park,3
631652,BOS,21,1,Fenway Park,3
631652,PHI,19,0,Fenway Park,3
631653,BOS,23,0,Fenway Park,3
631653,WSH,38,3,Fenway Park,3
631654,BOS,25,2,Fenway Park,3
631654,WSH,26,0,Fenway Park,3
631655,BOS,32,4,Fenway Park,3
631655,WSH,30,2,Fenway Park,3
631656,ATL,25,1,Fenway Park,3
631656,BOS,23,0,Fenway Park,3
631657,ATL,34,3,Fenway Park,3
631657,BOS,24,0,Fenway Park,3
631658,BOS,23,0,Fenway Park,3
631658,TOR,27,0,Fenway Park,3
631659,ATL,21,0,Oriole Park at Camden Yards,2
631659,BAL,23,0,Oriole Park at Camden Yards,2
631660,BAL,18,0,Oriole Park at Camden Yards,2
631660,TB,17,0,Oriole Park at Camden Yards,2
631661,BAL,18,1,Oriole Park at Camden Yards,2
631661,TB,23,0,Oriole Park at Camden Yards,2
631662,BAL,23,0,Oriole Park at Camden Yards,2
631662,TB,26,2,Oriole Park at Camden Yards,2
631663,BOS,28,0,Fenway Park,3
631663,NYM,28,1,Fenway Park,3
631664,BAL,23,1,Fenway Park,3
631664,BOS,31,0,Fenway Park,3
631665,BAL,25,3,Oriole Park at Camden Yards,2
631665,BOS,30,3,Oriole Park at Camden Yards,2
631666,BAL,32,0,Fenway Park,3
631666,BOS,26,1,Fenway Park,3
631667,BAL,27,2,Oriole Park at Camden Yards,2
631667,BOS,30,1,Oriole Park at Camden Yards,2
631668,BAL,31,2,Fenway Park,3
631668,BOS,28,2,Fenway Park,3
631669,BOS,29,2,Fenway Park,3
631669,NYM,26,3,Fenway Park,3
631670,BAL,24,0,Oriole Park at Camden Yards,2
631670,BOS,26,2,Oriole Park at Camden Yards,2
631671,BAL,34,3,Oriole Park at Camden Yards,2
631671,NYM,29,2,Oriole Park at Camden Yards,2
631672,BAL,20,0,Oriole Park at Camden Yards,2
631672,TB,16,1,Oriole Park at Camden Yards,2
631673,BAL,30,0,Oriole Park at Camden Yards,2
631673,NYM,38,2,Oriole Park at Camden Yards,2
631674,BAL,27,3,Oriole Park at Camden Yards,2
631674,NYY,28,1,Oriole Park at Camden Yards,2
631675,BAL,18,2,Oriole Park at Camden Yards,2
631675,NYY,20,1,Oriole Park at Camden Yards,2
631676,BAL,23,1,Oriole Park at Camden Yards,2
631676,NYY,23,0,Oriole Park at Camden Yards,2
631677,ATL,25,1,Oriole Park at Camden Yards,2
631677,BAL,29,4,Oriole Park at Camden Yards,2
631678,BAL,24,0,Oriole Park at Camden Yards,2
631678,TOR,30,2,Oriole Park at Camden Yards,2
631679,BAL,20,3,Oriole Park at Camden Yards,2
631679,WSH,25,0,Oriole Park at Camden Yards,2
631680,ATL,33,1,Oriole Park at Camden Yards,2
631680,BAL,21,0,Oriole Park at Camden Yards,2
631681,BAL,30,3,Oriole Park at Camden Yards,2
631681,TOR,27,2,Oriole Park at Camden Yards,2
631682,BAL,28,0,Oriole Park at Camden Yards,2
631682,TOR,29,2,Oriole Park at Camden Yards,2
631683,BAL,32,1,Oriole Park at Camden Yards,2
631683,WSH,42,1,Oriole Park at Camden Yards,2
631684,BAL,22,1,Oriole Park at Camden Yards,2
631684,BOS,30,2,Oriole Park at Camden Yards,2
631685,ATL,20,0,Truist Park,4705
631685,MIA,28,1,Truist Park,4705
